{
  "chris": [
    {
      "Ticker": "AAPL",
      "Amount": 100.0,
      "Price": 270.2300109863281,
      "Shares": 0.3700551231708285
    }
  ]
}